{"cameraMode":{"drawMode":0,"name":"Shaded","section":"Shading Mode"},"sceneLighting":true,"audioPlay":false,"sceneViewState":{"m_AlwaysRefresh":false,"showFog":true,"showSkybox":true,"showFlares":true,"showImageEffects":true,"showParticleSystems":true,"showVisualEffectGraphs":true,"m_FxEnabled":true},"in2DMode":false,"pivot":{"x":2.4491207599639894,"y":-0.28563207387924197,"z":13.09165096282959},"rotation":{"x":0.014150441624224186,"y":-0.060550250113010409,"z":-0.0008569241617806256,"w":-0.9980689883232117},"size":10.18301010131836,"orthographic":false}