{"cameraMode":{"drawMode":0,"name":"Shaded","section":"Shading Mode"},"sceneLighting":true,"audioPlay":false,"sceneViewState":{"m_AlwaysRefresh":false,"showFog":true,"showSkybox":true,"showFlares":true,"showImageEffects":true,"showParticleSystems":true,"showVisualEffectGraphs":true,"m_FxEnabled":true},"in2DMode":false,"pivot":{"x":0.07015743851661682,"y":-0.5102975368499756,"z":5.130763053894043},"rotation":{"x":0.5837319493293762,"y":0.012178035452961922,"z":-0.008756636641919613,"w":0.811808168888092},"size":0.5156659483909607,"orthographic":true}