{"cameraMode":{"drawMode":0,"name":"Shaded","section":"Shading Mode"},"sceneLighting":true,"audioPlay":false,"sceneViewState":{"m_AlwaysRefresh":false,"showFog":true,"showSkybox":true,"showFlares":true,"showImageEffects":true,"showParticleSystems":true,"showVisualEffectGraphs":true,"m_FxEnabled":true},"in2DMode":false,"pivot":{"x":-0.0489916056394577,"y":-5.404783248901367,"z":0.9862368106842041},"rotation":{"x":-0.05042879655957222,"y":-0.7351329922676086,"z":0.6738071441650391,"w":-0.05501987785100937},"size":13.786855697631836,"orthographic":false}