{"cameraMode":{"drawMode":0,"name":"Shaded","section":"Shading Mode"},"sceneLighting":true,"audioPlay":false,"sceneViewState":{"m_AlwaysRefresh":false,"showFog":true,"showSkybox":true,"showFlares":true,"showImageEffects":true,"showParticleSystems":true,"showVisualEffectGraphs":true,"m_FxEnabled":true},"in2DMode":false,"pivot":{"x":0.6020462512969971,"y":4.045517921447754,"z":21.458454132080079},"rotation":{"x":0.0008087126188911498,"y":0.9629574418067932,"z":-0.2696189284324646,"w":0.0028886841610074045},"size":4.8409929275512699,"orthographic":false}